plate_code,province,month,p10,p50,p90,count,risk_band,risk_score
1,Adana,1,65.9634,73.2185,80.6345,9,14.6711,0.2004
1,Adana,2,84.0557,90.9235,109.3048,9,25.2491,0.2777
1,Adana,3,129.6717,137.915,141.2218,9,11.5502,0.0837
1,Adana,4,162.1916,170.0608,181.665,9,19.4734,0.1145
1,Adana,5,191.1826,213.4951,219.3609,9,28.1783,0.132
1,Adana,6,210.486,215.434,228.3264,9,17.8404,0.0828
1,Adana,7,225.745,233.694,240.0751,9,14.3301,0.0613
1,Adana,8,202.0109,209.6245,215.9412,9,13.9303,0.0665
1,Adana,9,170.9589,173.0242,175.4248,9,4.4659,0.0258
1,Adana,10,127.0893,132.6716,139.7251,9,12.6357,0.0952
1,Adana,11,84.764,87.4538,96.6457,9,11.8816,0.1359
1,Adana,12,60.1598,69.9439,77.5626,9,17.4028,0.2488
2,Adiyaman,1,52.8562,66.8618,73.6414,9,20.7852,0.3109
2,Adiyaman,2,75.7122,87.5412,103.6863,9,27.974,0.3196
2,Adiyaman,3,117.9221,125.9544,140.2984,9,22.3763,0.1777
2,Adiyaman,4,160.4032,171.4397,186.0681,9,25.6649,0.1497
2,Adiyaman,5,206.44,213.7961,229.1891,9,22.7491,0.1064
2,Adiyaman,6,230.6334,243.3476,251.5106,9,20.8773,0.0858
2,Adiyaman,7,254.3229,256.15,262.5378,9,8.2149,0.0321
2,Adiyaman,8,223.3328,228.7424,234.9371,9,11.6044,0.0507
2,Adiyaman,9,178.5167,182.3116,187.776,9,9.2592,0.0508
2,Adiyaman,10,116.2741,130.4105,136.7277,9,20.4536,0.1568
2,Adiyaman,11,71.9369,82.6046,94.0889,9,22.152,0.2682
2,Adiyaman,12,49.7768,68.5792,75.1442,9,25.3674,0.3699
3,Afyonkarahisar,1,45.8387,63.0475,78.2437,9,32.4049,0.514
3,Afyonkarahisar,2,70.1625,81.2499,92.9704,9,22.8079,0.2807
3,Afyonkarahisar,3,116.866,120.613,132.05,9,15.1841,0.1259
3,Afyonkarahisar,4,147.0199,163.0004,182.8555,9,35.8357,0.2199
3,Afyonkarahisar,5,173.684,195.882,210.7731,9,37.0891,0.1893
3,Afyonkarahisar,6,191.718,204.0327,217.1865,9,25.4685,0.1248
3,Afyonkarahisar,7,230.1382,241.304,247.5632,9,17.425,0.0722
3,Afyonkarahisar,8,206.5787,210.3789,222.2953,9,15.7165,0.0747
3,Afyonkarahisar,9,161.5378,169.0805,174.508,9,12.9701,0.0767
3,Afyonkarahisar,10,112.1217,122.6878,127.8417,9,15.7201,0.1281
3,Afyonkarahisar,11,74.5408,84.4011,86.4759,9,11.9351,0.1414
3,Afyonkarahisar,12,50.8914,55.99,66.656,9,15.7645,0.2816
4,Agri,1,41.5368,51.7656,63.2983,9,21.7616,0.4204
4,Agri,2,63.1605,74.3201,80.5525,9,17.392,0.234
4,Agri,3,100.0207,104.0118,111.4769,9,11.4561,0.1101
4,Agri,4,128.2584,144.8685,165.0852,9,36.8269,0.2542
4,Agri,5,168.512,184.0629,205.568,9,37.0561,0.2013
4,Agri,6,209.3788,217.3738,235.686,9,26.3072,0.121
4,Agri,7,219.4706,229.37,237.5619,9,18.0913,0.0789
4,Agri,8,205.3986,208.7637,216.2598,9,10.8613,0.052
4,Agri,9,158.9946,168.1724,171.06,9,12.0654,0.0717
4,Agri,10,105.588,116.432,128.416,9,22.8279,0.1961
4,Agri,11,59.2865,71.979,82.7544,9,23.4679,0.326
4,Agri,12,30.4022,40.3495,58.4791,9,28.0769,0.6958
5,Amasya,1,40.49,47.1116,50.6919,9,10.2018,0.2165
5,Amasya,2,57.3771,67.1418,72.4157,9,15.0386,0.224
5,Amasya,3,97.4411,102.8247,114.0434,9,16.6023,0.1615
5,Amasya,4,128.5773,140.4459,160.4155,9,31.8382,0.2267
5,Amasya,5,162.2016,177.4439,190.8026,9,28.601,0.1612
5,Amasya,6,180.0531,195.5712,201.511,9,21.4578,0.1097
5,Amasya,7,202.9515,209.0085,222.7574,9,19.8059,0.0948
5,Amasya,8,173.748,184.9238,197.2107,9,23.4626,0.1269
5,Amasya,9,129.806,141.9916,150.6144,9,20.8084,0.1465
5,Amasya,10,92.1279,99.0074,107.9736,9,15.8458,0.16
5,Amasya,11,56.297,61.2859,66.861,9,10.564,0.1724
5,Amasya,12,37.3259,43.4996,47.1772,9,9.8513,0.2265
6,Ankara,1,47.8614,56.322,68.8328,9,20.9714,0.3723
6,Ankara,2,71.6593,75.5476,86.3991,9,14.7398,0.1951
6,Ankara,3,107.4807,114.7765,132.0194,9,24.5387,0.2138
6,Ankara,4,142.6076,160.6787,176.4459,9,33.8383,0.2106
6,Ankara,5,175.0974,188.3682,203.4822,9,28.3847,0.1507
6,Ankara,6,183.0968,195.934,215.2061,9,32.1092,0.1639
6,Ankara,7,225.0863,237.5444,244.3888,9,19.3025,0.0813
6,Ankara,8,202.4174,208.3517,221.8296,9,19.4122,0.0932
6,Ankara,9,158.9518,164.3182,169.2327,9,10.2809,0.0626
6,Ankara,10,108.3605,118.1214,123.5044,9,15.1438,0.1282
6,Ankara,11,71.0041,79.4805,82.9066,9,11.9026,0.1498
6,Ankara,12,47.2998,55.5302,60.9434,9,13.6436,0.2457
7,Antalya,1,67.0441,76.2176,82.8153,9,15.7712,0.2069
7,Antalya,2,82.2172,92.4593,108.1247,9,25.9075,0.2802
7,Antalya,3,138.6787,144.3935,149.5444,9,10.8657,0.0753
7,Antalya,4,174.5812,180.8109,194.4234,9,19.8421,0.1097
7,Antalya,5,202.4928,215.1684,230.6054,9,28.1126,0.1307
7,Antalya,6,224.7599,229.4873,233.0695,9,8.3096,0.0362
7,Antalya,7,243.5113,245.6525,247.9633,9,4.452,0.0181
7,Antalya,8,215.8434,220.1098,223.0589,9,7.2155,0.0328
7,Antalya,9,171.8579,175.4927,179.3928,9,7.5348,0.0429
7,Antalya,10,127.5288,132.5028,136.261,9,8.7321,0.0659
7,Antalya,11,83.3052,92.103,96.9221,9,13.6169,0.1478
7,Antalya,12,63.0926,71.2838,77.4504,9,14.3577,0.2014
8,Artvin,1,47.8297,54.956,63.4777,9,15.648,0.2847
8,Artvin,2,65.6626,80.3662,89.0222,9,23.3596,0.2907
8,Artvin,3,98.057,105.7,128.6791,9,30.6221,0.2897
8,Artvin,4,124.9902,134.8308,166.2768,9,41.2866,0.3062
8,Artvin,5,157.3379,160.2064,181.5708,9,24.2329,0.1513
8,Artvin,6,156.6405,182.5692,195.1694,9,38.5289,0.211
8,Artvin,7,170.1107,185.5703,196.7154,9,26.6047,0.1434
8,Artvin,8,163.0298,179.512,191.6369,9,28.6072,0.1594
8,Artvin,9,118.3286,132.5352,151.1985,9,32.8699,0.248
8,Artvin,10,82.7423,91.6442,113.055,9,30.3127,0.3308
8,Artvin,11,54.2511,64.8802,73.5104,9,19.2593,0.2968
8,Artvin,12,40.5732,51.5771,53.0595,9,12.4863,0.2421
9,Aydin,1,62.0178,72.4178,80.2803,9,18.2625,0.2522
9,Aydin,2,77.7778,90.592,100.0338,9,22.256,0.2457
9,Aydin,3,126.3638,138.0473,146.7451,9,20.3814,0.1476
9,Aydin,4,161.9127,178.9628,197.1136,9,35.2009,0.1967
9,Aydin,5,197.5081,214.0921,229.0625,9,31.5545,0.1474
9,Aydin,6,220.2656,230.1212,234.7325,9,14.4669,0.0629
9,Aydin,7,248.5034,253.7303,255.6486,9,7.1452,0.0282
9,Aydin,8,219.9368,223.3556,230.3005,9,10.3636,0.0464
9,Aydin,9,172.1873,173.912,179.5297,9,7.3424,0.0422
9,Aydin,10,125.6544,133.7019,134.8742,9,9.2198,0.069
9,Aydin,11,77.6071,87.0136,96.7975,9,19.1903,0.2205
9,Aydin,12,60.8496,67.0184,79.8058,9,18.9562,0.2829
10,Balikesir,1,47.7155,54.4798,61.5792,9,13.8638,0.2545
10,Balikesir,2,62.1585,70.8475,80.6267,9,18.4682,0.2607
10,Balikesir,3,102.7394,113.1788,126.4251,9,23.6857,0.2093
10,Balikesir,4,141.0247,160.5381,181.6236,9,40.5989,0.2529
10,Balikesir,5,172.7333,194.9869,220.754,9,48.0208,0.2463
10,Balikesir,6,202.9197,208.3848,222.8014,9,19.8816,0.0954
10,Balikesir,7,231.4099,244.0612,247.1112,9,15.7013,0.0643
10,Balikesir,8,201.6119,215.5674,220.9188,9,19.3069,0.0896
10,Balikesir,9,153.7021,160.7162,165.8041,9,12.1019,0.0753
10,Balikesir,10,104.2354,110.14,116.8554,9,12.62,0.1146
10,Balikesir,11,63.1967,72.2501,77.9195,9,14.7228,0.2038
10,Balikesir,12,47.0552,50.2389,57.469,9,10.4138,0.2073
11,Bilecik,1,48.817,54.5106,60.7252,9,11.9082,0.2185
11,Bilecik,2,63.5288,71.0697,74.7252,9,11.1964,0.1575
11,Bilecik,3,97.4315,104.3278,120.8294,9,23.3979,0.2243
11,Bilecik,4,125.5021,151.0285,172.3669,9,46.8648,0.3103
11,Bilecik,5,153.4109,177.9025,204.6077,9,51.1968,0.2878
11,Bilecik,6,178.3861,188.2535,204.03,9,25.6439,0.1362
11,Bilecik,7,213.896,221.3335,233.919,9,20.023,0.0905
11,Bilecik,8,179.1775,196.1139,211.4096,9,32.2321,0.1644
11,Bilecik,9,144.4303,148.6279,156.6604,9,12.2301,0.0823
11,Bilecik,10,93.8694,107.6598,114.0751,9,20.2057,0.1877
11,Bilecik,11,62.9963,72.5265,76.5631,9,13.5668,0.1871
11,Bilecik,12,48.5335,53.1693,59.3817,9,10.8482,0.204
12,Bingol,1,40.6699,53.0604,67.4298,9,26.76,0.5043
12,Bingol,2,64.1458,77.319,91.5877,9,27.4419,0.3549
12,Bingol,3,94.6196,104.8246,117.2165,9,22.5969,0.2156
12,Bingol,4,125.2961,140.8732,174.2069,9,48.9108,0.3472
12,Bingol,5,182.3979,191.1554,219.1586,9,36.7607,0.1923
12,Bingol,6,221.3976,229.935,243.1101,9,21.7125,0.0944
12,Bingol,7,240.7898,247.4398,256.0994,9,15.3096,0.0619
12,Bingol,8,215.4402,224.4329,228.0021,9,12.5618,0.056
12,Bingol,9,170.1791,174.5244,177.3698,9,7.1908,0.0412
12,Bingol,10,108.206,121.0925,128.5582,9,20.3523,0.1681
12,Bingol,11,66.6726,75.6908,90.2737,9,23.6011,0.3118
12,Bingol,12,34.8039,57.3459,67.7327,9,32.9289,0.5742
13,Bitlis,1,37.3601,53.4118,65.2528,9,27.8926,0.5222
13,Bitlis,2,62.5785,77.0422,94.372,9,31.7935,0.4127
13,Bitlis,3,99.4811,113.261,118.2516,9,18.7705,0.1657
13,Bitlis,4,127.3603,142.2515,177.1626,9,49.8024,0.3501
13,Bitlis,5,177.222,189.4204,216.3276,9,39.1057,0.2064
13,Bitlis,6,227.8062,236.057,245.6952,9,17.889,0.0758
13,Bitlis,7,242.2556,250.7173,253.9606,9,11.705,0.0467
13,Bitlis,8,219.2966,223.5632,228.2143,9,8.9177,0.0399
13,Bitlis,9,170.2061,178.5123,182.6486,9,12.4426,0.0697
13,Bitlis,10,100.7446,116.6227,128.22,9,27.4755,0.2356
13,Bitlis,11,62.6185,74.4743,87.4849,9,24.8664,0.3339
13,Bitlis,12,39.6236,51.2811,65.912,9,26.2884,0.5126
14,Bolu,1,41.5232,53.1,58.252,9,16.7288,0.315
14,Bolu,2,61.6856,66.0429,73.7963,9,12.1108,0.1834
14,Bolu,3,97.849,107.5071,121.3268,9,23.4778,0.2184
14,Bolu,4,121.8094,146.8362,165.4571,9,43.6477,0.2973
14,Bolu,5,145.2324,170.799,194.0392,9,48.8068,0.2858
14,Bolu,6,154.9441,172.5912,194.7484,9,39.8043,0.2306
14,Bolu,7,198.6641,212.0925,223.3193,9,24.6551,0.1162
14,Bolu,8,178.087,189.043,204.2119,9,26.1249,0.1382
14,Bolu,9,136.6953,145.9066,152.6547,9,15.9594,0.1094
14,Bolu,10,88.5047,101.7709,109.3092,9,20.8045,0.2044
14,Bolu,11,59.1013,66.712,74.6129,9,15.5116,0.2325
14,Bolu,12,40.2782,49.5325,55.2952,9,15.017,0.3032
15,Burdur,1,63.0449,69.2863,85.3276,9,22.2827,0.3216
15,Burdur,2,80.0124,93.2088,107.0304,9,27.0181,0.2899
15,Burdur,3,128.0929,135.7992,145.9879,9,17.895,0.1318
15,Burdur,4,162.3639,173.1581,192.6502,9,30.2863,0.1749
15,Burdur,5,186.407,207.1097,222.1552,9,35.7482,0.1726
15,Burdur,6,207.147,219.7655,231.0546,9,23.9076,0.1088
15,Burdur,7,245.2233,248.2266,254.4982,9,9.275,0.0374
15,Burdur,8,213.9443,219.2048,229.9496,9,16.0053,0.073
15,Burdur,9,173.6876,176.6747,183.1906,9,9.5029,0.0538
15,Burdur,10,130.7034,131.6288,136.163,9,5.4596,0.0415
15,Burdur,11,83.967,90.8247,96.2358,9,12.2688,0.1351
15,Burdur,12,61.8175,67.1734,77.4789,9,15.6614,0.2331
16,Bursa,1,44.4859,53.7408,57.7295,9,13.2436,0.2464
16,Bursa,2,55.6224,69.524,73.5448,9,17.9224,0.2578
16,Bursa,3,95.0306,103.6053,117.5256,9,22.495,0.2171
16,Bursa,4,131.616,146.9603,165.1718,9,33.5558,0.2283
16,Bursa,5,147.1257,180.2626,200.3531,9,53.2275,0.2953
16,Bursa,6,178.436,189.3349,197.1856,9,18.7495,0.099
16,Bursa,7,208.7178,215.5463,231.131,9,22.4132,0.104
16,Bursa,8,173.442,188.834,207.0573,9,33.6153,0.178
16,Bursa,9,136.9189,142.5057,153.6639,9,16.745,0.1175
16,Bursa,10,92.1076,100.9835,110.8791,9,18.7715,0.1859
16,Bursa,11,61.502,72.0074,74.7406,9,13.2386,0.1839
16,Bursa,12,44.8026,48.1378,54.8134,9,10.0108,0.208
17,Canakkale,1,52.2325,59.8031,66.7463,9,14.5137,0.2427
17,Canakkale,2,63.1938,76.4285,87.9892,9,24.7954,0.3244
17,Canakkale,3,114.8003,122.8665,130.9161,9,16.1158,0.1312
17,Canakkale,4,158.0977,167.9532,187.192,9,29.0943,0.1732
17,Canakkale,5,191.2734,200.9672,222.7182,9,31.4448,0.1565
17,Canakkale,6,203.0243,219.0905,231.0997,9,28.0754,0.1281
17,Canakkale,7,232.6161,243.0829,247.2961,9,14.68,0.0604
17,Canakkale,8,206.7658,214.8424,221.1299,9,14.3641,0.0669
17,Canakkale,9,145.865,158.9486,163.641,9,17.7759,0.1118
17,Canakkale,10,96.1982,110.0221,121.1562,9,24.958,0.2268
17,Canakkale,11,63.4261,71.2982,74.3316,9,10.9055,0.153
17,Canakkale,12,49.3736,51.5835,58.3523,9,8.9787,0.1741
18,Cankiri,1,41.9596,49.5596,64.7672,9,22.8076,0.4602
18,Cankiri,2,62.3506,76.6484,85.5721,9,23.2214,0.303
18,Cankiri,3,109.2537,117.5347,134.2986,9,25.0449,0.2131
18,Cankiri,4,145.5711,159.2179,173.8353,9,28.2643,0.1775
18,Cankiri,5,172.681,185.6032,205.1258,9,32.4448,0.1748
18,Cankiri,6,179.2655,202.5002,210.5906,9,31.3251,0.1547
18,Cankiri,7,217.7352,230.1905,239.5794,9,21.8441,0.0949
18,Cankiri,8,197.5812,204.8396,217.6008,9,20.0197,0.0977
18,Cankiri,9,149.5686,159.2528,166.4591,9,16.8905,0.1061
18,Cankiri,10,104.3813,111.7975,119.9741,9,15.5928,0.1395
18,Cankiri,11,70.2483,76.6155,81.6317,9,11.3833,0.1486
18,Cankiri,12,42.3193,52.1071,55.4747,9,13.1554,0.2525
19,Corum,1,40.8374,51.292,59.8979,9,19.0604,0.3716
19,Corum,2,64.4444,74.3934,81.9176,9,17.4732,0.2349
19,Corum,3,105.9587,110.6948,122.9099,9,16.9512,0.1531
19,Corum,4,140.2958,150.2617,172.0287,9,31.7329,0.2112
19,Corum,5,169.8116,186.3466,195.7731,9,25.9615,0.1393
19,Corum,6,183.5275,197.0161,213.2259,9,29.6984,0.1507
19,Corum,7,220.5217,229.7426,241.615,9,21.0934,0.0918
19,Corum,8,196.0319,198.8323,215.539,9,19.5071,0.0981
19,Corum,9,150.6948,156.3414,164.2343,9,13.5394,0.0866
19,Corum,10,101.3293,108.4183,118.3937,9,17.0644,0.1574
19,Corum,11,65.1711,69.415,78.9689,9,13.7978,0.1988
19,Corum,12,43.7507,50.136,55.0986,9,11.3478,0.2263
20,Denizli,1,58.108,65.1691,80.1202,9,22.0122,0.3378
20,Denizli,2,74.4015,91.244,103.0555,9,28.654,0.314
20,Denizli,3,116.0308,131.0247,142.3779,9,26.347,0.2011
20,Denizli,4,161.2112,170.6245,192.4381,9,31.2269,0.183
20,Denizli,5,182.9872,197.1819,221.4235,9,38.4363,0.1949
20,Denizli,6,204.9227,214.1322,226.4485,9,21.5258,0.1005
20,Denizli,7,236.1549,246.8039,252.0686,9,15.9137,0.0645
20,Denizli,8,207.8634,214.631,227.8797,9,20.0162,0.0933
20,Denizli,9,167.9284,171.8208,178.8064,9,10.878,0.0633
20,Denizli,10,122.9784,130.038,133.0849,9,10.1065,0.0777
20,Denizli,11,76.9504,85.8826,93.2963,9,16.3459,0.1903
20,Denizli,12,59.0416,65.0243,71.5677,9,12.5261,0.1926
21,Diyarbakir,1,53.2201,63.5302,69.6358,9,16.4157,0.2584
21,Diyarbakir,2,71.326,86.7947,100.3488,9,29.0228,0.3344
21,Diyarbakir,3,108.5694,116.6538,132.1449,9,23.5755,0.2021
21,Diyarbakir,4,153.1633,160.529,183.5491,9,30.3858,0.1893
21,Diyarbakir,5,194.4435,209.1667,222.2595,9,27.816,0.133
21,Diyarbakir,6,224.7439,241.0616,249.0938,9,24.3498,0.101
21,Diyarbakir,7,244.5278,252.2507,255.7379,9,11.2101,0.0444
21,Diyarbakir,8,219.1019,225.5082,229.6793,9,10.5774,0.0469
21,Diyarbakir,9,176.67,178.4822,184.2447,9,7.5747,0.0424
21,Diyarbakir,10,111.5764,126.6806,135.1184,9,23.5421,0.1858
21,Diyarbakir,11,72.9692,80.4398,92.4606,9,19.4914,0.2423
21,Diyarbakir,12,51.7586,61.166,72.3376,9,20.579,0.3364
22,Edirne,1,44.3987,54.4341,63.6222,9,19.2235,0.3532
22,Edirne,2,65.8569,74.4895,78.7188,9,12.862,0.1727
22,Edirne,3,99.3346,117.0453,134.2747,9,34.9401,0.2985
22,Edirne,4,149.0641,158.6946,169.8033,9,20.7393,0.1307
22,Edirne,5,176.566,189.3197,209.8756,9,33.3096,0.1759
22,Edirne,6,190.4784,204.7458,208.4131,9,17.9347,0.0876
22,Edirne,7,209.0538,227.0851,232.4669,9,23.4131,0.1031
22,Edirne,8,194.9534,199.3448,210.1516,9,15.1982,0.0762
22,Edirne,9,141.0979,143.7852,154.5485,9,13.4506,0.0935
22,Edirne,10,85.2406,104.4176,113.15,9,27.9093,0.2673
22,Edirne,11,53.971,61.816,69.0678,9,15.0968,0.2442
22,Edirne,12,42.8488,47.2634,58.1563,9,15.3075,0.3239
23,Elazig,1,47.9983,56.8935,66.189,9,18.1908,0.3197
23,Elazig,2,73.8857,84.4697,102.2458,9,28.3601,0.3357
23,Elazig,3,109.405,115.8168,131.7557,9,22.3507,0.193
23,Elazig,4,144.2649,159.4968,180.6123,9,36.3473,0.2279
23,Elazig,5,191.0667,204.1832,222.0422,9,30.9755,0.1517
23,Elazig,6,222.2376,235.5531,245.4706,9,23.233,0.0986
23,Elazig,7,249.0069,253.8443,259.1401,9,10.1333,0.0399
23,Elazig,8,219.7813,225.8107,234.0008,9,14.2195,0.063
23,Elazig,9,170.8349,177.9055,182.4762,9,11.6413,0.0654
23,Elazig,10,115.4538,127.2288,133.4478,9,17.9939,0.1414
23,Elazig,11,71.1411,77.8635,91.0585,9,19.9173,0.2558
23,Elazig,12,41.4212,57.419,65.3907,9,23.9695,0.4174
24,Erzincan,1,40.9859,58.6957,74.9448,9,33.9589,0.5786
24,Erzincan,2,70.7728,88.2984,98.8853,9,28.1126,0.3184
24,Erzincan,3,106.3906,116.137,125.5768,9,19.1862,0.1652
24,Erzincan,4,135.6715,149.8538,170.5681,9,34.8966,0.2329
24,Erzincan,5,169.4238,183.9008,207.5098,9,38.0859,0.2071
24,Erzincan,6,201.8433,210.8236,226.7991,9,24.9558,0.1184
24,Erzincan,7,237.0988,240.5983,252.0441,9,14.9454,0.0621
24,Erzincan,8,198.4954,213.6899,222.1826,9,23.6872,0.1108
24,Erzincan,9,158.6822,171.6247,177.6834,9,19.0011,0.1107
24,Erzincan,10,108.8362,116.4016,125.4711,9,16.6349,0.1429
24,Erzincan,11,71.1324,76.1576,86.7174,9,15.585,0.2046
24,Erzincan,12,37.5231,59.6143,67.2646,9,29.7416,0.4989
25,Erzurum,1,52.8381,61.8252,72.1413,9,19.3033,0.3122
25,Erzurum,2,77.6863,87.1868,89.374,9,11.6876,0.1341
25,Erzurum,3,96.521,122.4148,135.4792,9,38.9582,0.3182
25,Erzurum,4,128.6318,138.8482,166.6783,9,38.0465,0.274
25,Erzurum,5,155.0265,170.2352,201.8259,9,46.7994,0.2749
25,Erzurum,6,190.8809,195.7275,220.6048,9,29.7239,0.1519
25,Erzurum,7,217.9828,230.0075,236.209,9,18.2262,0.0792
25,Erzurum,8,193.7277,209.2051,214.0851,9,20.3574,0.0973
25,Erzurum,9,156.5015,164.1099,168.3217,9,11.8201,0.072
25,Erzurum,10,103.5548,113.0623,125.0219,9,21.4672,0.1899
25,Erzurum,11,65.2291,73.0003,77.4962,9,12.2671,0.168
25,Erzurum,12,43.7688,48.5371,64.8667,9,21.0979,0.4347
26,Eskisehir,1,41.8925,51.1678,64.0117,9,22.1192,0.4323
26,Eskisehir,2,69.727,75.1409,81.598,9,11.871,0.158
26,Eskisehir,3,108.5471,115.186,131.0107,9,22.4637,0.195
26,Eskisehir,4,137.9138,163.5337,178.971,9,41.0572,0.2511
26,Eskisehir,5,173.3514,187.2629,209.4614,9,36.11,0.1928
26,Eskisehir,6,189.1401,201.7069,208.8236,9,19.6835,0.0976
26,Eskisehir,7,226.3906,239.0219,247.3849,9,20.9943,0.0878
26,Eskisehir,8,196.5,207.923,218.4773,9,21.9773,0.1057
26,Eskisehir,9,155.5256,161.6094,169.8103,9,14.2847,0.0884
26,Eskisehir,10,105.4866,116.2684,122.0075,9,16.521,0.1421
26,Eskisehir,11,68.3073,77.3615,82.2627,9,13.9553,0.1804
26,Eskisehir,12,45.5294,55.0354,58.2635,9,12.7341,0.2314
27,Gaziantep,1,57.1533,70.6607,73.2655,9,16.1122,0.228
27,Gaziantep,2,67.664,88.2032,107.2073,9,39.5433,0.4483
27,Gaziantep,3,119.5516,124.563,148.4227,9,28.8711,0.2318
27,Gaziantep,4,157.407,170.5432,184.5176,9,27.1106,0.159
27,Gaziantep,5,203.3626,217.9114,231.8485,9,28.486,0.1307
27,Gaziantep,6,233.4469,239.3608,248.5711,9,15.1241,0.0632
27,Gaziantep,7,251.0951,254.0145,258.648,9,7.553,0.0297
27,Gaziantep,8,222.7338,225.3967,231.418,9,8.6842,0.0385
27,Gaziantep,9,178.0546,180.5669,186.6107,9,8.5561,0.0474
27,Gaziantep,10,117.1907,130.523,140.0075,9,22.8168,0.1748
27,Gaziantep,11,73.0098,85.3865,96.9096,9,23.8999,0.2799
27,Gaziantep,12,50.4797,68.6246,76.9858,9,26.506,0.3862
28,Giresun,1,36.2073,48.5868,55.1987,9,18.9914,0.3909
28,Giresun,2,56.8795,60.0438,68.2522,9,11.3727,0.1894
28,Giresun,3,77.4588,89.8174,98.8356,9,21.3768,0.238
28,Giresun,4,105.4543,124.2564,140.409,9,34.9547,0.2813
28,Giresun,5,128.4071,144.6792,170.3075,9,41.9004,0.2896
28,Giresun,6,121.1842,149.5611,161.0065,9,39.8223,0.2663
28,Giresun,7,135.5144,149.0802,166.3018,9,30.7875,0.2065
28,Giresun,8,114.7027,123.0966,151.6535,9,36.9508,0.3002
28,Giresun,9,99.2743,113.3029,124.9909,9,25.7165,0.227
28,Giresun,10,64.7652,78.4033,92.9383,9,28.1731,0.3593
28,Giresun,11,51.3712,57.4481,70.3557,9,18.9844,0.3305
28,Giresun,12,38.5902,45.954,51.095,9,12.5048,0.2721
29,Gumushane,1,37.1962,51.5928,57.0548,9,19.8586,0.3849
29,Gumushane,2,72.4119,84.7233,92.5006,9,20.0887,0.2371
29,Gumushane,3,99.4061,111.7885,124.6496,9,25.2435,0.2258
29,Gumushane,4,122.1885,135.5137,163.051,9,40.8625,0.3015
29,Gumushane,5,156.3361,165.2513,186.6662,9,30.3301,0.1835
29,Gumushane,6,174.8063,189.3071,204.91,9,30.1037,0.159
29,Gumushane,7,216.0943,220.4354,233.106,9,17.0117,0.0772
29,Gumushane,8,191.4917,200.3843,210.4112,9,18.9195,0.0944
29,Gumushane,9,135.757,157.2785,160.5167,9,24.7597,0.1574
29,Gumushane,10,97.1105,101.7328,115.5179,9,18.4074,0.1809
29,Gumushane,11,58.3564,63.3331,72.0236,9,13.6673,0.2158
29,Gumushane,12,29.7318,33.4278,34.5261,9,4.7943,0.1434
30,Hakkari,1,57.714,66.2153,86.6231,9,28.9091,0.4366
30,Hakkari,2,80.6265,89.6895,101.7297,9,21.1032,0.2353
30,Hakkari,3,113.697,118.741,130.4452,9,16.7482,0.141
30,Hakkari,4,146.0767,159.1409,165.8302,9,19.7534,0.1241
30,Hakkari,5,177.1976,192.6772,211.6005,9,34.4029,0.1786
30,Hakkari,6,228.3954,234.58,248.1942,9,19.7988,0.0844
30,Hakkari,7,237.0318,247.7931,252.4856,9,15.4538,0.0624
30,Hakkari,8,211.4167,218.9982,224.3242,9,12.9075,0.0589
30,Hakkari,9,175.1327,180.3809,182.6484,9,7.5158,0.0417
30,Hakkari,10,107.699,123.3237,134.2055,9,26.5066,0.2149
30,Hakkari,11,69.5595,78.2273,94.7149,9,25.1554,0.3216
30,Hakkari,12,48.8256,67.5234,73.9877,9,25.1621,0.3726
31,Hatay,1,60.5178,63.294,75.6799,9,15.1621,0.2395
31,Hatay,2,74.2523,85.207,106.4962,9,32.2438,0.3784
31,Hatay,3,125.0333,131.6026,144.8414,9,19.8081,0.1505
31,Hatay,4,170.8492,179.275,187.0848,9,16.2356,0.0906
31,Hatay,5,213.6446,226.1857,231.1721,9,17.5274,0.0775
31,Hatay,6,237.056,242.085,245.6758,9,8.6198,0.0356
31,Hatay,7,246.6275,249.2742,251.0543,9,4.4269,0.0178
31,Hatay,8,220.5857,221.8797,225.2836,9,4.6979,0.0212
31,Hatay,9,173.7594,178.0762,181.2419,9,7.4825,0.042
31,Hatay,10,125.1911,131.4633,136.4765,9,11.2854,0.0858
31,Hatay,11,76.7826,84.7079,93.0722,9,16.2896,0.1923
31,Hatay,12,48.8508,65.0654,71.8732,9,23.0224,0.3538
32,Isparta,1,57.1261,65.6942,82.7848,9,25.6588,0.3906
32,Isparta,2,73.1828,83.4309,100.2703,9,27.0875,0.3247
32,Isparta,3,116.6791,128.719,137.0583,9,20.3792,0.1583
32,Isparta,4,147.3466,159.5078,185.279,9,37.9324,0.2378
32,Isparta,5,172.2149,199.7363,210.1199,9,37.905,0.1898
32,Isparta,6,190.1047,206.1395,220.893,9,30.7884,0.1494
32,Isparta,7,236.8349,241.7621,250.4792,9,13.6443,0.0564
32,Isparta,8,199.7204,207.4704,222.4665,9,22.7461,0.1096
32,Isparta,9,161.9937,168.6776,177.3134,9,15.3197,0.0908
32,Isparta,10,125.0805,127.2534,131.9791,9,6.8986,0.0542
32,Isparta,11,80.7386,88.8467,91.0867,9,10.3481,0.1165
32,Isparta,12,56.3411,62.7076,78.4194,9,22.0783,0.3521
33,Mersin,1,66.1702,70.2549,78.1319,9,11.9617,0.1703
33,Mersin,2,80.9238,91.857,106.8373,9,25.9135,0.2821
33,Mersin,3,132.7041,138.956,148.3862,9,15.682,0.1129
33,Mersin,4,172.8854,178.1121,183.0093,9,10.1239,0.0568
33,Mersin,5,201.6314,213.1486,222.6375,9,21.0061,0.0986
33,Mersin,6,215.6364,229.12,232.6854,9,17.049,0.0744
33,Mersin,7,233.1946,236.6902,241.692,9,8.4973,0.0359
33,Mersin,8,208.8408,213.7261,216.6737,9,7.8329,0.0366
33,Mersin,9,172.3882,175.992,177.4012,9,5.013,0.0285
33,Mersin,10,123.9644,130.5694,137.3052,9,13.3408,0.1022
33,Mersin,11,84.807,87.1907,94.0571,9,9.2501,0.1061
33,Mersin,12,60.6093,68.1622,74.6321,9,14.0228,0.2057
34,Istanbul,1,44.1289,50.5977,55.0191,9,10.8902,0.2152
34,Istanbul,2,56.3613,66.4795,75.7938,9,19.4324,0.2923
34,Istanbul,3,97.5494,102.7402,112.8944,9,15.345,0.1494
34,Istanbul,4,144.6608,154.0212,177.1216,9,32.4608,0.2108
34,Istanbul,5,167.0266,186.8082,203.9975,9,36.9709,0.1979
34,Istanbul,6,189.6256,203.8344,210.105,9,20.4794,0.1005
34,Istanbul,7,214.202,224.9794,237.1876,9,22.9856,0.1022
34,Istanbul,8,185.0358,196.2418,207.3374,9,22.3016,0.1136
34,Istanbul,9,138.0927,141.8361,152.3179,9,14.2252,0.1003
34,Istanbul,10,82.8825,93.6558,106.2437,9,23.3611,0.2494
34,Istanbul,11,53.2901,57.1086,68.0613,9,14.7712,0.2587
34,Istanbul,12,40.9967,47.7612,48.8969,9,7.9002,0.1654
35,Izmir,1,60.1329,68.5574,79.2681,9,19.1352,0.2791
35,Izmir,2,77.4993,87.7736,94.3656,9,16.8664,0.1922
35,Izmir,3,122.1607,134.3238,143.1859,9,21.0252,0.1565
35,Izmir,4,163.0039,177.3253,188.9684,9,25.9645,0.1464
35,Izmir,5,197.4617,207.1893,229.5276,9,32.0659,0.1548
35,Izmir,6,216.6623,221.4554,231.4524,9,14.7901,0.0668
35,Izmir,7,240.5419,248.0225,251.4141,9,10.8723,0.0438
35,Izmir,8,216.0715,218.2762,225.2616,9,9.1901,0.0421
35,Izmir,9,167.0029,171.8179,174.2112,9,7.2082,0.042
35,Izmir,10,121.0091,125.6071,131.8882,9,10.8791,0.0866
35,Izmir,11,75.4458,82.3247,88.0015,9,12.5557,0.1525
35,Izmir,12,55.0125,61.9323,73.7179,9,18.7053,0.302
36,Kars,1,43.4735,56.0733,66.9811,9,23.5076,0.4192
36,Kars,2,46.7923,71.4017,90.9432,9,44.1509,0.6183
36,Kars,3,89.3212,104.4817,121.2172,9,31.896,0.3053
36,Kars,4,128.7654,140.415,157.759,9,28.9936,0.2065
36,Kars,5,157.7128,168.5673,189.0697,9,31.3569,0.186
36,Kars,6,187.0935,194.8463,213.5949,9,26.5014,0.136
36,Kars,7,203.3701,220.4081,226.8338,9,23.4637,0.1065
36,Kars,8,189.8507,198.4642,205.1828,9,15.3322,0.0773
36,Kars,9,141.5697,153.3781,158.3711,9,16.8014,0.1095
36,Kars,10,87.2518,106.1157,119.8793,9,32.6275,0.3075
36,Kars,11,62.0879,70.8438,79.6005,9,17.5126,0.2472
36,Kars,12,33.1156,47.6488,56.4185,9,23.3029,0.4891
37,Kastamonu,1,41.979,49.5791,56.1112,9,14.1322,0.285
37,Kastamonu,2,64.7475,66.4417,80.5638,9,15.8163,0.238
37,Kastamonu,3,99.4089,105.4749,120.0127,9,20.6038,0.1953
37,Kastamonu,4,123.614,143.3967,167.0561,9,43.4421,0.303
37,Kastamonu,5,153.3842,163.2024,185.618,9,32.2339,0.1975
37,Kastamonu,6,160.9406,180.8023,198.4431,9,37.5025,0.2074
37,Kastamonu,7,201.1695,222.5856,227.9019,9,26.7324,0.1201
37,Kastamonu,8,180.6825,190.1341,207.428,9,26.7455,0.1407
37,Kastamonu,9,129.031,144.4184,153.4727,9,24.4417,0.1692
37,Kastamonu,10,84.7091,97.8562,110.8579,9,26.1488,0.2672
37,Kastamonu,11,59.2152,66.2024,73.022,9,13.8068,0.2086
37,Kastamonu,12,41.0076,49.148,52.436,9,11.4284,0.2325
38,Kayseri,1,50.7434,62.5987,71.1321,9,20.3888,0.3257
38,Kayseri,2,73.6723,89.7041,99.7533,9,26.0811,0.2907
38,Kayseri,3,111.8868,119.6541,132.8134,9,20.9266,0.1749
38,Kayseri,4,136.1341,155.6258,174.1757,9,38.0415,0.2444
38,Kayseri,5,170.4331,187.292,201.5152,9,31.082,0.166
38,Kayseri,6,189.5846,210.049,218.2756,9,28.691,0.1366
38,Kayseri,7,232.3712,241.3268,253.5232,9,21.152,0.0876
38,Kayseri,8,208.7896,221.0536,224.7719,9,15.9823,0.0723
38,Kayseri,9,162.8383,173.4209,178.0671,9,15.2288,0.0878
38,Kayseri,10,117.5158,121.8474,132.224,9,14.7082,0.1207
38,Kayseri,11,77.8894,80.1271,91.6967,9,13.8073,0.1723
38,Kayseri,12,50.6487,63.6701,68.01,9,17.3613,0.2727
39,Kirklareli,1,47.3323,52.4761,60.8134,9,13.4811,0.2569
39,Kirklareli,2,66.9162,71.5952,79.7027,9,12.7866,0.1786
39,Kirklareli,3,97.3668,115.9046,129.0007,9,31.6339,0.2729
39,Kirklareli,4,142.9516,161.2184,168.7281,9,25.7765,0.1599
39,Kirklareli,5,174.1828,185.9267,209.712,9,35.5292,0.1911
39,Kirklareli,6,190.9498,202.988,207.5377,9,16.5879,0.0817
39,Kirklareli,7,206.0217,230.1859,243.4046,9,37.3829,0.1624
39,Kirklareli,8,198.9296,205.785,213.3455,9,14.4158,0.0701
39,Kirklareli,9,140.8866,146.3736,157.9984,9,17.1118,0.1169
39,Kirklareli,10,88.4643,102.6454,113.2782,9,24.8139,0.2417
39,Kirklareli,11,55.9124,59.9108,70.363,9,14.4506,0.2412
39,Kirklareli,12,41.8716,45.9035,56.8925,9,15.0209,0.3272
40,Kirsehir,1,48.444,52.9936,67.7988,9,19.3548,0.3652
40,Kirsehir,2,64.6258,88.5195,93.8148,9,29.189,0.3297
40,Kirsehir,3,114.1093,126.444,133.5639,9,19.4546,0.1539
40,Kirsehir,4,152.3415,165.1239,185.203,9,32.8614,0.199
40,Kirsehir,5,184.4335,196.6562,211.5341,9,27.1006,0.1378
40,Kirsehir,6,193.3104,210.042,227.4247,9,34.1142,0.1624
40,Kirsehir,7,238.8113,245.762,252.5429,9,13.7316,0.0559
40,Kirsehir,8,213.5379,218.3206,226.1053,9,12.5674,0.0576
40,Kirsehir,9,166.2533,172.3274,179.9041,9,13.6508,0.0792
40,Kirsehir,10,118.0875,122.6086,130.3142,9,12.2266,0.0997
40,Kirsehir,11,76.5092,83.7072,90.0383,9,13.5291,0.1616
40,Kirsehir,12,50.2548,64.1295,66.8755,9,16.6207,0.2592
41,Kocaeli,1,41.6837,49.0238,54.0772,9,12.3935,0.2528
41,Kocaeli,2,57.6482,64.5533,68.7449,9,11.0966,0.1719
41,Kocaeli,3,86.8305,95.4257,111.1415,9,24.3111,0.2548
41,Kocaeli,4,131.129,147.9537,169.066,9,37.937,0.2564
41,Kocaeli,5,137.9605,181.7235,201.2421,9,63.2816,0.3482
41,Kocaeli,6,171.4109,186.2151,197.1295,9,25.7186,0.1381
41,Kocaeli,7,200.7569,208.8264,218.8932,9,18.1363,0.0868
41,Kocaeli,8,167.1466,181.4595,200.8086,9,33.662,0.1855
41,Kocaeli,9,127.0729,133.7393,143.8646,9,16.7918,0.1256
41,Kocaeli,10,80.6178,87.5514,105.0327,9,24.4149,0.2789
41,Kocaeli,11,52.1127,62.1978,69.1636,9,17.0509,0.2741
41,Kocaeli,12,43.503,47.2054,51.9204,9,8.4174,0.1783
42,Konya,1,63.4737,66.5436,73.4785,9,10.0047,0.1503
42,Konya,2,80.733,93.235,102.0348,9,21.3018,0.2285
42,Konya,3,125.5184,130.0211,143.6015,9,18.0831,0.1391
42,Konya,4,151.3058,162.9341,186.3345,9,35.0287,0.215
42,Konya,5,182.3191,203.5388,214.1652,9,31.8461,0.1565
42,Konya,6,197.0112,206.255,217.7078,9,20.6966,0.1003
42,Konya,7,238.8528,246.1653,253.852,9,14.9992,0.0609
42,Konya,8,214.3837,220.3387,228.6811,9,14.2974,0.0649
42,Konya,9,165.8012,174.2849,178.6751,9,12.8739,0.0739
42,Konya,10,118.8285,129.5814,132.6755,9,13.847,0.1069
42,Konya,11,83.7341,89.1993,93.2962,9,9.5621,0.1072
42,Konya,12,56.2956,65.0446,73.1444,9,16.8488,0.259
43,Kutahya,1,48.5927,53.4308,64.7558,9,16.1631,0.3025
43,Kutahya,2,67.7217,76.0258,85.4276,9,17.7059,0.2329
43,Kutahya,3,104.1294,117.3341,127.8673,9,23.7379,0.2023
43,Kutahya,4,141.3149,161.1567,177.7486,9,36.4337,0.2261
43,Kutahya,5,158.304,180.6811,207.3469,9,49.0428,0.2714
43,Kutahya,6,180.5268,189.8711,202.2302,9,21.7034,0.1143
43,Kutahya,7,220.7897,235.4982,244.7309,9,23.9412,0.1017
43,Kutahya,8,189.1416,199.7079,216.3623,9,27.2207,0.1363
43,Kutahya,9,150.8255,158.6115,166.9178,9,16.0924,0.1015
43,Kutahya,10,103.8962,114.4866,120.3554,9,16.4592,0.1438
43,Kutahya,11,69.6284,77.1316,80.9537,9,11.3253,0.1468
43,Kutahya,12,48.0984,55.5651,62.427,9,14.3287,0.2579
44,Malatya,1,47.2393,51.8503,63.4301,9,16.1908,0.3123
44,Malatya,2,73.944,80.7871,103.0366,9,29.0926,0.3601
44,Malatya,3,107.6316,122.0616,133.146,9,25.5144,0.209
44,Malatya,4,143.0128,165.108,183.1272,9,40.1144,0.243
44,Malatya,5,187.3773,201.8215,217.22,9,29.8427,0.1479
44,Malatya,6,222.4728,226.9667,242.2193,9,19.7464,0.087
44,Malatya,7,248.9459,252.2191,258.9011,9,9.9552,0.0395
44,Malatya,8,218.6762,225.5664,229.4623,9,10.7861,0.0478
44,Malatya,9,173.2797,178.3212,181.6324,9,8.3527,0.0468
44,Malatya,10,111.6431,127.0004,134.1958,9,22.5526,0.1776
44,Malatya,11,72.1944,80.5427,91.0464,9,18.852,0.2341
44,Malatya,12,44.4629,56.2051,68.8602,9,24.3972,0.4341
45,Manisa,1,55.7844,63.3192,69.5834,9,13.7991,0.2179
45,Manisa,2,65.2147,83.0159,88.4995,9,23.2848,0.2805
45,Manisa,3,117.6065,125.3467,135.6822,9,18.0758,0.1442
45,Manisa,4,154.7035,166.9524,188.8923,9,34.1888,0.2048
45,Manisa,5,184.6345,203.1415,225.2578,9,40.6233,0.2
45,Manisa,6,207.0967,214.6335,219.3769,9,12.2802,0.0572
45,Manisa,7,237.0058,246.2627,251.9477,9,14.9419,0.0607
45,Manisa,8,207.9251,213.6854,225.9514,9,18.0263,0.0844
45,Manisa,9,159.6041,168.6799,172.199,9,12.5949,0.0747
45,Manisa,10,114.807,124.1908,126.8404,9,12.0334,0.0969
45,Manisa,11,71.6118,78.2414,84.0831,9,12.4713,0.1594
45,Manisa,12,51.9841,57.376,64.947,9,12.9629,0.2259
46,Kahramanmaras,1,52.6716,67.854,72.974,9,20.3024,0.2992
46,Kahramanmaras,2,73.6427,87.735,104.7605,9,31.1178,0.3547
46,Kahramanmaras,3,119.1323,129.3698,139.7026,9,20.5704,0.159
46,Kahramanmaras,4,152.5781,170.6098,184.9364,9,32.3583,0.1897
46,Kahramanmaras,5,196.0925,216.8259,228.5196,9,32.427,0.1496
46,Kahramanmaras,6,232.6422,239.557,248.914,9,16.2718,0.0679
46,Kahramanmaras,7,253.1454,257.5334,259.5685,9,6.4231,0.0249
46,Kahramanmaras,8,221.8675,226.9368,232.7712,9,10.9037,0.048
46,Kahramanmaras,9,179.0344,180.2487,185.0298,9,5.9954,0.0333
46,Kahramanmaras,10,122.0165,130.2147,138.8705,9,16.854,0.1294
46,Kahramanmaras,11,75.1101,85.1286,95.54,9,20.4299,0.24
46,Kahramanmaras,12,49.835,65.8229,72.3309,9,22.4959,0.3418
47,Mardin,1,57.9168,67.215,76.2399,9,18.3231,0.2726
47,Mardin,2,76.4236,91.3261,103.3946,9,26.971,0.2953
47,Mardin,3,113.7602,121.1059,137.0778,9,23.3176,0.1925
47,Mardin,4,157.2894,170.58,187.6133,9,30.3239,0.1778
47,Mardin,5,206.8173,215.8854,231.08,9,24.2627,0.1124
47,Mardin,6,236.7802,243.466,254.333,9,17.5528,0.0721
47,Mardin,7,249.4907,254.1491,257.2793,9,7.7886,0.0306
47,Mardin,8,224.1637,228.6651,233.0505,9,8.8868,0.0389
47,Mardin,9,180.8732,182.9097,185.8133,9,4.9401,0.027
47,Mardin,10,118.0783,126.4978,138.0209,9,19.9426,0.1577
47,Mardin,11,73.2785,83.2022,95.8377,9,22.5592,0.2711
47,Mardin,12,51.2659,68.1034,76.4851,9,25.2192,0.3703
48,Mugla,1,53.5332,62.91,74.9422,9,21.409,0.3403
48,Mugla,2,71.0233,81.1806,96.7896,9,25.7663,0.3174
48,Mugla,3,112.9968,132.5304,140.7663,9,27.7695,0.2095
48,Mugla,4,157.1317,168.3523,194.1651,9,37.0334,0.22
48,Mugla,5,188.1702,207.4643,222.4698,9,34.2995,0.1653
48,Mugla,6,206.368,218.32,235.6358,9,29.2679,0.1341
48,Mugla,7,242.6631,249.0091,256.5448,9,13.8816,0.0557
48,Mugla,8,207.388,217.7516,229.0919,9,21.7039,0.0997
48,Mugla,9,166.3374,172.7819,180.5286,9,14.1912,0.0821
48,Mugla,10,124.6697,128.3651,131.7804,9,7.1106,0.0554
48,Mugla,11,74.6038,82.6508,93.5401,9,18.9363,0.2291
48,Mugla,12,55.4092,60.5643,81.2569,9,25.8477,0.4268
49,Mus,1,46.8203,53.0061,65.5942,9,18.7739,0.3542
49,Mus,2,64.2814,78.478,89.8883,9,25.6069,0.3263
49,Mus,3,87.9584,100.6931,116.4767,9,28.5183,0.2832
49,Mus,4,129.6243,139.0984,170.4537,9,40.8294,0.2935
49,Mus,5,175.2521,185.7732,210.0195,9,34.7674,0.1871
49,Mus,6,216.1692,228.4517,238.8573,9,22.6881,0.0993
49,Mus,7,235.4714,240.2668,250.5219,9,15.0505,0.0626
49,Mus,8,209.2937,218.5268,222.7268,9,13.4331,0.0615
49,Mus,9,164.5773,172.7817,177.0575,9,12.4803,0.0722
49,Mus,10,102.027,120.7522,127.4596,9,25.4326,0.2106
49,Mus,11,65.6594,69.8395,86.3424,9,20.683,0.2961
49,Mus,12,38.6274,47.8305,64.2841,9,25.6567,0.5364
50,Nevsehir,1,46.664,53.0497,64.4636,9,17.7996,0.3355
50,Nevsehir,2,63.5271,84.4449,98.3024,9,34.7753,0.4118
50,Nevsehir,3,103.4797,116.4226,128.8849,9,25.4052,0.2182
50,Nevsehir,4,137.1241,156.4818,179.5166,9,42.3925,0.2709
50,Nevsehir,5,174.4721,187.8755,202.0444,9,27.5723,0.1468
50,Nevsehir,6,188.8006,212.612,218.8374,9,30.0368,0.1413
50,Nevsehir,7,235.6198,243.0969,253.7343,9,18.1145,0.0745
50,Nevsehir,8,207.1255,219.9659,224.7534,9,17.6279,0.0801
50,Nevsehir,9,163.3067,174.4489,179.0188,9,15.7121,0.0901
50,Nevsehir,10,117.9152,125.4057,132.1766,9,14.2614,0.1137
50,Nevsehir,11,77.6511,80.1307,90.5413,9,12.8902,0.1609
50,Nevsehir,12,43.2591,62.1893,68.6199,9,25.3607,0.4078
51,Nigde,1,49.7635,64.9572,76.9613,9,27.1978,0.4187
51,Nigde,2,72.6394,94.4218,107.1864,9,34.5471,0.3659
51,Nigde,3,117.3943,128.5125,141.4554,9,24.0611,0.1872
51,Nigde,4,151.4133,169.179,183.3167,9,31.9035,0.1886
51,Nigde,5,187.4524,203.9686,215.1097,9,27.6573,0.1356
51,Nigde,6,202.9846,220.451,232.5218,9,29.5372,0.134
51,Nigde,7,244.2227,247.2363,256.855,9,12.6323,0.0511
51,Nigde,8,214.2829,225.3491,227.8643,9,13.5815,0.0603
51,Nigde,9,168.6891,177.4865,182.6221,9,13.933,0.0785
51,Nigde,10,125.1398,129.6835,140.1956,9,15.0559,0.1161
51,Nigde,11,83.5623,87.2272,96.0424,9,12.4801,0.1431
51,Nigde,12,51.0124,70.561,76.7191,9,25.7067,0.3643
52,Ordu,1,38.0196,49.4792,55.5204,9,17.5008,0.3537
52,Ordu,2,55.2208,60.98,67.8805,9,12.6597,0.2076
52,Ordu,3,80.9889,91.3675,102.116,9,21.1271,0.2312
52,Ordu,4,112.0591,130.9391,145.3024,9,33.2433,0.2539
52,Ordu,5,142.5595,159.8964,175.1836,9,32.6241,0.204
52,Ordu,6,146.5529,174.2701,180.8528,9,34.2998,0.1968
52,Ordu,7,160.7105,165.2833,184.6431,9,23.9326,0.1448
52,Ordu,8,134.5439,141.8751,174.1541,9,39.6102,0.2792
52,Ordu,9,111.2177,121.074,131.2341,9,20.0165,0.1653
52,Ordu,10,68.6806,82.5365,94.1678,9,25.4872,0.3088
52,Ordu,11,54.1931,58.4166,71.7872,9,17.5941,0.3012
52,Ordu,12,39.347,47.8758,53.6551,9,14.3081,0.2989
53,Rize,1,37.8849,49.2989,56.3989,9,18.514,0.3755
53,Rize,2,57.7156,59.7688,65.1218,9,7.4063,0.1239
53,Rize,3,75.4652,88.6887,102.106,9,26.6408,0.3004
53,Rize,4,109.6039,126.3897,144.7136,9,35.1097,0.2778
53,Rize,5,130.9179,138.0694,171.6095,9,40.6917,0.2947
53,Rize,6,107.061,131.1149,166.5711,9,59.5101,0.4539
53,Rize,7,123.1381,133.8312,148.4977,9,25.3596,0.1895
53,Rize,8,110.6332,121.3363,139.3133,9,28.68,0.2364
53,Rize,9,89.5097,109.6319,118.6188,9,29.1091,0.2655
53,Rize,10,67.6881,81.897,95.0769,9,27.3888,0.3344
53,Rize,11,50.4038,57.6911,68.5624,9,18.1586,0.3148
53,Rize,12,36.6155,49.0821,50.7421,9,14.1266,0.2878
54,Sakarya,1,41.1449,48.4113,53.8628,9,12.7179,0.2627
54,Sakarya,2,57.8928,64.9087,67.5392,9,9.6464,0.1486
54,Sakarya,3,84.7353,95.5054,112.3823,9,27.647,0.2895
54,Sakarya,4,120.7556,143.9842,162.3251,9,41.5695,0.2887
54,Sakarya,5,135.7768,167.6374,196.144,9,60.3673,0.3601
54,Sakarya,6,164.2958,180.2771,195.321,9,31.0252,0.1721
54,Sakarya,7,201.3307,208.1789,220.0487,9,18.718,0.0899
54,Sakarya,8,173.9231,183.9015,206.733,9,32.8099,0.1784
54,Sakarya,9,133.3826,139.3869,148.4896,9,15.107,0.1084
54,Sakarya,10,83.3435,92.5253,106.2022,9,22.8587,0.2471
54,Sakarya,11,53.234,63.9896,70.2876,9,17.0536,0.2665
54,Sakarya,12,43.9824,47.5701,54.0496,9,10.0672,0.2116
55,Samsun,1,40.051,50.8641,55.8697,9,15.8186,0.311
55,Samsun,2,54.8315,61.9634,68.8953,9,14.0638,0.227
55,Samsun,3,82.9331,95.8115,102.2899,9,19.3568,0.202
55,Samsun,4,117.6313,131.0857,153.2351,9,35.6038,0.2716
55,Samsun,5,147.7771,173.1201,181.8673,9,34.0902,0.1969
55,Samsun,6,162.8232,183.1541,199.806,9,36.9829,0.2019
55,Samsun,7,193.6116,200.1304,211.3265,9,17.715,0.0885
55,Samsun,8,152.5976,170.4536,194.9283,9,42.3307,0.2483
55,Samsun,9,118.7399,131.6569,136.7355,9,17.9956,0.1367
55,Samsun,10,75.4759,83.1776,92.1813,9,16.7053,0.2008
55,Samsun,11,55.0824,59.0131,68.7932,9,13.7109,0.2323
55,Samsun,12,40.7851,48.4944,52.0696,9,11.2845,0.2327
56,Siirt,1,55.0101,65.8881,74.2022,9,19.1921,0.2913
56,Siirt,2,73.4462,86.1346,97.4902,9,24.044,0.2791
56,Siirt,3,105.1094,117.3521,123.0754,9,17.966,0.1531
56,Siirt,4,146.7644,159.1156,177.214,9,30.4496,0.1914
56,Siirt,5,192.0183,205.1733,222.9584,9,30.9401,0.1508
56,Siirt,6,232.6707,240.0681,249.6256,9,16.9549,0.0706
56,Siirt,7,247.2518,252.4632,253.9441,9,6.6923,0.0265
56,Siirt,8,221.4384,228.6729,230.6558,9,9.2175,0.0403
56,Siirt,9,175.8148,178.268,184.2386,9,8.4238,0.0473
56,Siirt,10,113.6569,122.5961,134.6566,9,20.9997,0.1713
56,Siirt,11,74.3488,81.6666,91.5147,9,17.1659,0.2102
56,Siirt,12,50.8295,63.6572,73.7596,9,22.9301,0.3602
57,Sinop,1,40.8479,46.2409,51.7217,9,10.8738,0.2352
57,Sinop,2,55.0089,60.0468,64.6621,9,9.6532,0.1608
57,Sinop,3,81.8286,101.033,108.2333,9,26.4047,0.2613
57,Sinop,4,122.6499,139.3353,159.1547,9,36.5047,0.262
57,Sinop,5,151.7911,170.6151,187.7683,9,35.9771,0.2109
57,Sinop,6,183.4667,191.7223,207.1939,9,23.7272,0.1238
57,Sinop,7,212.2299,216.5007,229.7693,9,17.5394,0.081
57,Sinop,8,178.1145,188.4391,201.6605,9,23.546,0.125
57,Sinop,9,123.297,134.9432,142.6489,9,19.352,0.1434
57,Sinop,10,69.8463,84.4312,95.4206,9,25.5743,0.3029
57,Sinop,11,51.4675,54.7456,61.3388,9,9.8713,0.1803
57,Sinop,12,37.0465,44.882,47.3022,9,10.2557,0.2285
58,Sivas,1,37.6362,50.1385,58.4463,9,20.8101,0.4151
58,Sivas,2,61.4291,79.1496,92.6258,9,31.1967,0.3941
58,Sivas,3,104.546,113.1371,120.0297,9,15.4837,0.1369
58,Sivas,4,135.4182,156.8767,173.4635,9,38.0453,0.2425
58,Sivas,5,169.6681,179.1858,198.9588,9,29.2908,0.1635
58,Sivas,6,193.4166,205.5841,217.3277,9,23.911,0.1163
58,Sivas,7,228.5049,236.2151,247.005,9,18.5001,0.0783
58,Sivas,8,204.3586,214.9592,221.4311,9,17.0725,0.0794
58,Sivas,9,151.221,166.4559,173.6487,9,22.4277,0.1347
58,Sivas,10,109.7605,111.9143,128.7886,9,19.0281,0.17
58,Sivas,11,67.6191,73.3422,87.0299,9,19.4108,0.2647
58,Sivas,12,43.1889,56.0935,60.2973,9,17.1084,0.305
59,Tekirdag,1,44.9256,54.3068,59.9601,9,15.0345,0.2768
59,Tekirdag,2,60.4429,68.505,76.0124,9,15.5695,0.2273
59,Tekirdag,3,96.3763,110.3306,115.4332,9,19.0569,0.1727
59,Tekirdag,4,139.8765,154.4175,168.3627,9,28.4863,0.1845
59,Tekirdag,5,171.5854,182.2595,203.8533,9,32.2679,0.177
59,Tekirdag,6,193.1351,200.4008,211.2214,9,18.0863,0.0903
59,Tekirdag,7,213.9871,229.5665,238.3101,9,24.323,0.106
59,Tekirdag,8,188.3033,199.3121,204.4249,9,16.1216,0.0809
59,Tekirdag,9,136.896,141.8882,148.7664,9,11.8705,0.0837
59,Tekirdag,10,85.8157,100.4185,108.9607,9,23.145,0.2305
59,Tekirdag,11,50.1294,59.1931,68.3509,9,18.2215,0.3078
59,Tekirdag,12,40.9649,43.6936,54.3284,9,13.3635,0.3058
60,Tokat,1,40.7094,49.1877,60.914,9,20.2045,0.4108
60,Tokat,2,66.1759,73.413,88.5861,9,22.4103,0.3053
60,Tokat,3,95.9013,104.6541,120.4035,9,24.5022,0.2341
60,Tokat,4,127.6122,146.5689,172.2177,9,44.6055,0.3043
60,Tokat,5,166.7979,177.7334,193.2009,9,26.403,0.1486
60,Tokat,6,181.9261,195.2101,204.662,9,22.7358,0.1165
60,Tokat,7,195.6165,204.1234,220.5092,9,24.8927,0.1219
60,Tokat,8,180.3651,196.6572,208.8596,9,28.4944,0.1449
60,Tokat,9,138.1832,155.4725,168.5357,9,30.3525,0.1952
60,Tokat,10,100.3176,104.2802,122.1205,9,21.8029,0.2091
60,Tokat,11,62.502,69.4603,80.7706,9,18.2685,0.263
60,Tokat,12,44.4445,52.075,55.7674,9,11.3229,0.2174
61,Trabzon,1,25.6666,27.429,29.412,9,3.7454,0.1365
61,Trabzon,2,33.3836,35.145,37.0532,9,3.6696,0.1044
61,Trabzon,3,74.2517,79.9862,90.6816,9,16.4299,0.2054
61,Trabzon,4,112.6731,126.0287,145.1988,9,32.5257,0.2581
61,Trabzon,5,129.8885,142.9322,174.6443,9,44.7559,0.3131
61,Trabzon,6,113.1024,140.202,169.6374,9,56.535,0.4032
61,Trabzon,7,131.6093,144.1661,162.3431,9,30.7338,0.2132
61,Trabzon,8,116.0005,121.9448,142.6588,9,26.6583,0.2186
61,Trabzon,9,91.1951,107.4956,119.0251,9,27.83,0.2589
61,Trabzon,10,48.0109,53.9442,61.3618,9,13.3508,0.2475
61,Trabzon,11,28.0498,28.679,30.1262,9,2.0764,0.0724
61,Trabzon,12,22.8858,24.05,25.6174,9,2.7316,0.1136
62,Tunceli,1,43.0773,57.3051,66.523,9,23.4457,0.4091
62,Tunceli,2,67.3884,79.6031,93.0844,9,25.696,0.3228
62,Tunceli,3,98.2474,111.3678,118.3445,9,20.0971,0.1805
62,Tunceli,4,129.7943,145.7266,170.1125,9,40.3181,0.2767
62,Tunceli,5,179.6729,192.9405,212.9381,9,33.2652,0.1724
62,Tunceli,6,220.575,236.803,243.4616,9,22.8866,0.0966
62,Tunceli,7,247.1238,252.4184,257.6023,9,10.4784,0.0415
62,Tunceli,8,214.3307,221.9454,226.8086,9,12.4778,0.0562
62,Tunceli,9,166.1327,173.3999,176.6213,9,10.4886,0.0605
62,Tunceli,10,108.0029,120.8308,125.7726,9,17.7697,0.1471
62,Tunceli,11,67.0732,72.4664,87.3276,9,20.2544,0.2795
62,Tunceli,12,38.0782,57.0162,64.389,9,26.3107,0.4615
63,Sanliurfa,1,60.0544,70.1838,79.6241,9,19.5696,0.2788
63,Sanliurfa,2,76.2603,93.0022,108.8757,9,32.6154,0.3507
63,Sanliurfa,3,119.5137,129.1864,145.4425,9,25.9288,0.2007
63,Sanliurfa,4,166.8477,176.2206,189.878,9,23.0303,0.1307
63,Sanliurfa,5,209.2469,221.3876,231.2537,9,22.0068,0.0994
63,Sanliurfa,6,240.7841,243.1297,254.7718,9,13.9877,0.0575
63,Sanliurfa,7,251.1128,255.8812,258.9353,9,7.8226,0.0306
63,Sanliurfa,8,223.7052,228.5159,233.1886,9,9.4833,0.0415
63,Sanliurfa,9,181.0252,182.1059,186.6312,9,5.606,0.0308
63,Sanliurfa,10,119.5759,131.9577,140.5788,9,21.0029,0.1592
63,Sanliurfa,11,75.1844,83.8462,97.4553,9,22.271,0.2656
63,Sanliurfa,12,54.1681,70.8064,76.7197,9,22.5516,0.3185
64,Usak,1,53.7044,64.0682,78.4499,9,24.7454,0.3862
64,Usak,2,75.6838,93.2871,98.4664,9,22.7826,0.2442
64,Usak,3,115.6742,123.7922,136.9316,9,21.2574,0.1717
64,Usak,4,150.204,168.3613,185.365,9,35.161,0.2088
64,Usak,5,182.1353,197.0201,220.4767,9,38.3414,0.1946
64,Usak,6,201.2625,206.3713,222.1119,9,20.8494,0.101
64,Usak,7,233.4849,250.1026,250.8968,9,17.4119,0.0696
64,Usak,8,209.0903,214.9833,224.9605,9,15.8702,0.0738
64,Usak,9,166.5881,170.9207,177.2231,9,10.6349,0.0622
64,Usak,10,123.2211,127.2388,129.8928,9,6.6718,0.0524
64,Usak,11,76.2248,83.72,91.3279,9,15.1032,0.1804
64,Usak,12,56.5844,65.6404,70.9113,9,14.3268,0.2183
65,Van,1,54.8517,68.5632,79.4909,9,24.6392,0.3594
65,Van,2,82.2411,97.761,107.689,9,25.4479,0.2603
65,Van,3,108.7792,128.7961,131.796,9,23.0168,0.1787
65,Van,4,148.0865,153.3715,167.2748,9,19.1883,0.1251
65,Van,5,188.0985,196.8738,217.7713,9,29.6727,0.1507
65,Van,6,228.3177,236.0948,246.2628,9,17.9451,0.076
65,Van,7,237.9896,245.201,250.5807,9,12.5911,0.0513
65,Van,8,215.3967,220.7688,225.7817,9,10.3851,0.047
65,Van,9,173.3028,180.294,182.9523,9,9.6495,0.0535
65,Van,10,110.0632,118.4092,133.3836,9,23.3204,0.1969
65,Van,11,66.544,75.9568,86.9868,9,20.4428,0.2691
65,Van,12,44.0698,64.1528,70.0255,9,25.9557,0.4046
66,Yozgat,1,40.8176,48.962,60.795,9,19.9773,0.408
66,Yozgat,2,57.5455,80.558,87.0971,9,29.5516,0.3668
66,Yozgat,3,103.5135,114.2584,127.277,9,23.7635,0.208
66,Yozgat,4,136.766,151.4046,178.496,9,41.73,0.2756
66,Yozgat,5,171.0603,187.6376,200.9087,9,29.8483,0.1591
66,Yozgat,6,185.1529,200.013,215.1494,9,29.9965,0.15
66,Yozgat,7,229.4342,244.3966,245.2719,9,15.8377,0.0648
66,Yozgat,8,202.5378,208.13,222.7738,9,20.236,0.0972
66,Yozgat,9,154.4521,164.404,171.923,9,17.4709,0.1063
66,Yozgat,10,108.7966,113.9494,125.3918,9,16.5952,0.1456
66,Yozgat,11,69.1025,75.8331,83.4999,9,14.3974,0.1899
66,Yozgat,12,44.6922,55.6151,62.8049,9,18.1128,0.3257
67,Zonguldak,1,37.5805,42.2997,47.9358,9,10.3553,0.2448
67,Zonguldak,2,57.1357,62.4707,65.6705,9,8.5348,0.1366
67,Zonguldak,3,87.1966,101.5656,112.9539,9,25.7573,0.2536
67,Zonguldak,4,123.2108,147.3357,156.8388,9,33.628,0.2282
67,Zonguldak,5,151.132,173.9595,194.6796,9,43.5476,0.2503
67,Zonguldak,6,167.457,185.5837,210.3588,9,42.9018,0.2312
67,Zonguldak,7,206.3513,213.6231,223.0776,9,16.7262,0.0783
67,Zonguldak,8,175.4802,189.9429,202.3887,9,26.9086,0.1417
67,Zonguldak,9,131.3654,138.7192,149.324,9,17.9586,0.1295
67,Zonguldak,10,79.9944,88.7229,101.0305,9,21.036,0.2371
67,Zonguldak,11,50.2332,55.3929,61.7876,9,11.5544,0.2086
67,Zonguldak,12,35.7969,41.8648,45.4251,9,9.6282,0.23
68,Aksaray,1,52.4161,53.4617,69.6152,9,17.1992,0.3217
68,Aksaray,2,71.0885,90.5871,96.4979,9,25.4095,0.2805
68,Aksaray,3,120.2436,125.7338,138.642,9,18.3984,0.1463
68,Aksaray,4,150.973,168.7915,183.6143,9,32.6412,0.1934
68,Aksaray,5,192.329,204.9054,223.1313,9,30.8023,0.1503
68,Aksaray,6,209.4382,221.975,236.197,9,26.7588,0.1205
68,Aksaray,7,246.632,249.7133,257.6647,9,11.0327,0.0442
68,Aksaray,8,212.8737,226.0906,230.0428,9,17.1691,0.0759
68,Aksaray,9,166.9168,176.9537,181.0636,9,14.1468,0.0799
68,Aksaray,10,121.5561,129.5699,134.6752,9,13.1191,0.1013
68,Aksaray,11,81.1105,86.7353,91.3162,9,10.2057,0.1177
68,Aksaray,12,54.1978,65.6639,70.8455,9,16.6476,0.2535
69,Bayburt,1,39.6537,51.6082,64.0884,9,24.4347,0.4735
69,Bayburt,2,62.3612,83.3694,89.4362,9,27.0751,0.3248
69,Bayburt,3,95.5253,113.5597,124.562,9,29.0367,0.2557
69,Bayburt,4,126.711,135.8245,164.5296,9,37.8186,0.2784
69,Bayburt,5,155.4668,174.6315,199.9338,9,44.467,0.2546
69,Bayburt,6,190.2021,201.2511,220.3636,9,30.1615,0.1499
69,Bayburt,7,215.2342,229.8917,237.236,9,22.0018,0.0957
69,Bayburt,8,192.311,204.3649,213.7893,9,21.4783,0.1051
69,Bayburt,9,146.4924,158.8676,167.3269,9,20.8346,0.1311
69,Bayburt,10,102.0355,110.986,119.495,9,17.4596,0.1573
69,Bayburt,11,61.5355,69.0102,76.9309,9,15.3954,0.2231
69,Bayburt,12,36.2895,50.7863,57.8735,9,21.584,0.425
70,Karaman,1,49.7874,58.5411,75.6808,9,25.8934,0.4423
70,Karaman,2,72.9962,82.8774,99.6085,9,26.6124,0.3211
70,Karaman,3,119.8424,132.7429,148.9785,9,29.1362,0.2195
70,Karaman,4,157.8136,174.8521,191.8689,9,34.0554,0.1948
70,Karaman,5,202.8466,209.5587,231.1037,9,28.2571,0.1348
70,Karaman,6,212.4926,227.287,237.603,9,25.1104,0.1105
70,Karaman,7,248.0216,252.7186,258.6903,9,10.6687,0.0422
70,Karaman,8,222.5416,227.9995,231.8762,9,9.3347,0.0409
70,Karaman,9,173.0462,179.6178,183.8157,9,10.7695,0.06
70,Karaman,10,119.3387,135.5238,138.4082,9,19.0695,0.1407
70,Karaman,11,85.2774,91.9586,95.1816,9,9.9041,0.1077
70,Karaman,12,49.0542,68.575,73.7168,9,24.6626,0.3596
71,Kirikkale,1,43.5229,52.2758,66.1293,9,22.6064,0.4324
71,Kirikkale,2,67.1495,78.7104,89.0925,9,21.943,0.2788
71,Kirikkale,3,112.7212,119.3849,133.4789,9,20.7576,0.1739
71,Kirikkale,4,145.9769,154.1953,182.5032,9,36.5263,0.2369
71,Kirikkale,5,174.5316,196.8248,205.1047,9,30.5731,0.1553
71,Kirikkale,6,195.5792,206.0981,220.7066,9,25.1274,0.1219
71,Kirikkale,7,232.8712,240.4986,248.7514,9,15.8801,0.066
71,Kirikkale,8,208.7185,214.4997,223.5368,9,14.8183,0.0691
71,Kirikkale,9,161.7179,166.8497,172.7329,9,11.0151,0.066
71,Kirikkale,10,109.4678,120.7114,124.9616,9,15.4938,0.1284
71,Kirikkale,11,74.7671,80.7168,83.4335,9,8.6664,0.1074
71,Kirikkale,12,41.8419,54.4827,60.0804,9,18.2385,0.3348
72,Batman,1,55.9492,62.2356,70.7461,9,14.7969,0.2378
72,Batman,2,71.1641,90.1431,97.8675,9,26.7034,0.2962
72,Batman,3,104.4201,121.1756,126.9771,9,22.5569,0.1862
72,Batman,4,153.258,158.5626,179.4297,9,26.1718,0.1651
72,Batman,5,195.6766,208.1304,221.5792,9,25.9026,0.1245
72,Batman,6,233.0476,239.5827,250.8646,9,17.8171,0.0744
72,Batman,7,247.417,252.5698,254.7255,9,7.3085,0.0289
72,Batman,8,219.5261,226.6184,230.8216,9,11.2954,0.0498
72,Batman,9,176.2425,178.0528,183.0205,9,6.778,0.0381
72,Batman,10,115.4102,124.9176,135.9045,9,20.4943,0.1641
72,Batman,11,71.6095,81.7024,92.792,9,21.1825,0.2593
72,Batman,12,48.9915,59.7672,68.3083,9,19.3168,0.3232
73,Sirnak,1,51.6397,65.1768,77.1126,9,25.4729,0.3908
73,Sirnak,2,74.5084,90.4165,98.975,9,24.4666,0.2706
73,Sirnak,3,98.4841,112.0711,119.4719,9,20.9878,0.1873
73,Sirnak,4,146.3646,156.6652,168.9772,9,22.6127,0.1443
73,Sirnak,5,194.7203,203.0523,223.906,9,29.1856,0.1437
73,Sirnak,6,230.733,241.8126,250.5226,9,19.7896,0.0818
73,Sirnak,7,245.6398,253.0571,255.8504,9,10.2106,0.0403
73,Sirnak,8,221.7437,228.4397,233.5891,9,11.8454,0.0519
73,Sirnak,9,181.0646,182.6461,187.3057,9,6.241,0.0342
73,Sirnak,10,112.5541,125.0596,135.4614,9,22.9073,0.1832
73,Sirnak,11,70.6243,80.1858,93.6681,9,23.0438,0.2874
73,Sirnak,12,49.9433,67.3715,72.1647,9,22.2213,0.3298
74,Bartin,1,39.3692,45.7329,53.44,9,14.0708,0.3077
74,Bartin,2,60.5634,66.2733,70.005,9,9.4415,0.1425
74,Bartin,3,91.2233,106.5427,121.1675,9,29.9442,0.2811
74,Bartin,4,122.8725,147.552,166.7789,9,43.9064,0.2976
74,Bartin,5,159.6213,176.4078,197.0159,9,37.3946,0.212
74,Bartin,6,175.456,195.2102,218.9088,9,43.4529,0.2226
74,Bartin,7,211.3419,220.9975,231.9802,9,20.6383,0.0934
74,Bartin,8,188.9489,192.8492,208.5254,9,19.5765,0.1015
74,Bartin,9,136.4321,147.0145,153.959,9,17.5269,0.1192
74,Bartin,10,86.6944,93.0135,106.6329,9,19.9385,0.2144
74,Bartin,11,55.7481,62.6772,66.9889,9,11.2409,0.1793
74,Bartin,12,40.0695,47.059,51.5705,9,11.501,0.2444
75,Ardahan,1,48.5424,56.6474,71.4355,9,22.8931,0.4041
75,Ardahan,2,67.5313,84.5903,90.0157,9,22.4844,0.2658
75,Ardahan,3,101.925,112.313,130.1569,9,28.2319,0.2514
75,Ardahan,4,127.9861,140.2795,164.3186,9,36.3326,0.259
75,Ardahan,5,155.5694,166.6187,191.5287,9,35.9593,0.2158
75,Ardahan,6,170.5782,183.8215,205.521,9,34.9428,0.1901
75,Ardahan,7,197.0482,206.0545,213.6221,9,16.5739,0.0804
75,Ardahan,8,176.1333,192.0064,196.6341,9,20.5008,0.1068
75,Ardahan,9,136.8678,146.6739,152.8509,9,15.9831,0.109
75,Ardahan,10,87.2811,99.9205,120.9172,9,33.6361,0.3366
75,Ardahan,11,50.927,61.2928,71.4351,9,20.508,0.3346
75,Ardahan,12,37.6414,46.6202,54.4022,9,16.7608,0.3595
76,Igdir,1,48.9626,65.8573,73.9732,9,25.0106,0.3798
76,Igdir,2,78.2062,87.0732,92.433,9,14.2268,0.1634
76,Igdir,3,104.754,116.9221,120.507,9,15.753,0.1347
76,Igdir,4,132.4653,149.2454,158.4852,9,26.0199,0.1743
76,Igdir,5,160.9073,174.7916,198.0212,9,37.1138,0.2123
76,Igdir,6,196.1758,202.3237,221.5117,9,25.336,0.1252
76,Igdir,7,210.9511,223.5646,230.1066,9,19.1555,0.0857
76,Igdir,8,193.9946,204.7803,210.6163,9,16.6217,0.0812
76,Igdir,9,150.1438,164.36,166.3269,9,16.1831,0.0985
76,Igdir,10,87.0612,107.9988,120.0391,9,32.9779,0.3054
76,Igdir,11,67.6927,72.9571,79.7053,9,12.0126,0.1647
76,Igdir,12,40.2302,52.1001,64.1402,9,23.9099,0.4589
77,Yalova,1,41.7938,49.9675,52.6041,9,10.8103,0.2163
77,Yalova,2,56.5932,64.0106,69.6071,9,13.0139,0.2033
77,Yalova,3,90.9301,96.2607,111.0392,9,20.1091,0.2089
77,Yalova,4,135.0659,147.7364,170.9273,9,35.8614,0.2427
77,Yalova,5,152.4835,183.8064,202.7572,9,50.2737,0.2735
77,Yalova,6,188.1306,198.0423,204.6688,9,16.5382,0.0835
77,Yalova,7,212.6322,219.0253,230.8816,9,18.2494,0.0833
77,Yalova,8,176.8169,188.4629,205.9493,9,29.1323,0.1546
77,Yalova,9,135.3704,138.4205,149.7611,9,14.3907,0.104
77,Yalova,10,85.9786,90.0163,104.1364,9,18.1578,0.2017
77,Yalova,11,51.157,63.4688,70.0182,9,18.8612,0.2972
77,Yalova,12,42.1972,45.8792,50.7657,9,8.5685,0.1868
78,Karabuk,1,42.9188,51.1149,54.6894,9,11.7706,0.2303
78,Karabuk,2,64.1096,69.563,76.8904,9,12.7808,0.1837
78,Karabuk,3,101.1776,109.8,124.1501,9,22.9725,0.2092
78,Karabuk,4,126.7429,148.8029,169.9778,9,43.2349,0.2906
78,Karabuk,5,157.81,169.3175,197.9615,9,40.1515,0.2371
78,Karabuk,6,165.0846,186.0572,206.1469,9,41.0623,0.2207
78,Karabuk,7,208.7846,225.4777,232.3195,9,23.535,0.1044
78,Karabuk,8,188.6102,196.7082,209.9806,9,21.3704,0.1086
78,Karabuk,9,136.3921,146.8584,156.2646,9,19.8724,0.1353
78,Karabuk,10,90.828,95.6593,111.786,9,20.9579,0.2191
78,Karabuk,11,59.3497,63.2663,73.0416,9,13.6919,0.2164
78,Karabuk,12,44.4819,49.801,51.5193,9,7.0373,0.1413
79,Kilis,1,60.2271,69.9919,76.3404,9,16.1133,0.2302
79,Kilis,2,70.6898,90.9932,107.5943,9,36.9045,0.4056
79,Kilis,3,119.4761,127.6054,145.7977,9,26.3216,0.2063
79,Kilis,4,166.071,175.4875,186.7928,9,20.7218,0.1181
79,Kilis,5,209.7458,220.9109,231.7071,9,21.9613,0.0994
79,Kilis,6,239.2525,244.8411,252.0226,9,12.7701,0.0522
79,Kilis,7,253.8962,256.2212,258.8299,9,4.9336,0.0193
79,Kilis,8,224.0624,228.168,233.8633,9,9.8009,0.043
79,Kilis,9,180.3946,181.6736,187.2842,9,6.8896,0.0379
79,Kilis,10,125.5579,132.698,141.6178,9,16.0599,0.121
79,Kilis,11,76.8487,89.0819,98.2954,9,21.4467,0.2408
79,Kilis,12,52.6948,71.1004,76.3786,9,23.6838,0.3331
80,Osmaniye,1,60.0974,69.0552,74.0088,9,13.9114,0.2015
80,Osmaniye,2,76.2813,83.502,104.0307,9,27.7494,0.3323
80,Osmaniye,3,110.7908,120.2447,128.3466,9,17.5558,0.146
80,Osmaniye,4,141.2045,156.2027,177.957,9,36.7525,0.2353
80,Osmaniye,5,181.4028,201.7459,214.6896,9,33.2867,0.165
80,Osmaniye,6,190.4582,203.562,221.5508,9,31.0926,0.1527
80,Osmaniye,7,211.1705,223.0863,240.7323,9,29.5618,0.1325
80,Osmaniye,8,181.5021,196.4542,214.9233,9,33.4212,0.1701
80,Osmaniye,9,163.6694,166.6512,173.3458,9,9.6764,0.0581
80,Osmaniye,10,116.6042,123.0461,135.1339,9,18.5296,0.1506
80,Osmaniye,11,79.7128,83.2472,93.4107,9,13.6979,0.1645
80,Osmaniye,12,56.7809,67.4586,76.2344,9,19.4535,0.2884
81,Duzce,1,39.5911,45.7994,54.9999,9,15.4088,0.3364
81,Duzce,2,55.6164,62.9003,68.529,9,12.9127,0.2053
81,Duzce,3,83.72,96.5488,113.8453,9,30.1253,0.312
81,Duzce,4,117.4696,140.666,159.9501,9,42.4805,0.302
81,Duzce,5,137.3963,167.7919,195.2321,9,57.8359,0.3447
81,Duzce,6,144.0325,177.7035,191.7309,9,47.6983,0.2684
81,Duzce,7,191.3909,201.3045,215.5051,9,24.1142,0.1198
81,Duzce,8,167.1126,178.6739,197.1291,9,30.0165,0.168
81,Duzce,9,128.6471,136.3208,143.84,9,15.1929,0.1114
81,Duzce,10,80.5847,95.0063,102.5084,9,21.9237,0.2308
81,Duzce,11,55.2971,63.6224,70.0747,9,14.7776,0.2323
81,Duzce,12,39.4861,46.8768,52.31,9,12.8239,0.2736
